Type,Include,ID,Group,Statement,Good (4),Less good (3),Semantic (2) - category/desription,Bad (1),CMP,ESI,MET,MGD,IMG,IMS,IMP,FAM,SRL,ALT,NOTE,Nominal
Nonliterary,1,27,0,A bagpipe is a newborn baby.,A bagpipe is loud.,A bagpipe is delicate.,A bagpipe is a musical instrument.,A bagpipe is quiet.,4.25,3.88,2.19,2.44,2.21,2.72,2.96,1.82,1.70,1.31,,1
Nonliterary,1,48,0,A beauitful woman is a desert flower.,A beautiful woman stands out.,A beautiful woman is colorful.,A beautiful woman is a person.,A beautiful woman blends in.,5.33,5.59,2.77,3.87,4.73,4.70,4.13,3.90,4.00,2.10,,1
Nonliterary,1,135,0,A braggart is a snowman.,A braggart is fragile.,A braggart is round.,A braggart is a person who boasts.,A braggart is warm and sensitive.,3.07,2.79,2.63,2.30,1.97,2.60,2.62,1.80,2.10,0.93,,1
Nonliterary,1,30,0,A busybody is a patch of crabgrass.,A busybody is a nuassiance.,A busybody is green.,A busybody is someone who can't stop moving.,A busybody is a help.,4.38,4.54,2.77,3.84,2.93,3.45,3.69,2.96,3.37,1.55,,1
Nonliterary,1,108,1,A butterfly is a flower.,A butterfly is beautiful.,A butterfly often appears on the ground.,A butterfly is a flying insect.,A butterfly is ugly.,4.80,5.10,2.33,3.27,4.30,3.90,3.87,3.73,3.13,1.64,,1
Nonliterary,1,57,1,A butterfly is a winged rainbow.,A butterfly is colorful.,A butterfly appears after rain.,A butterfly is an insect.,A butterfly is ugly.,5.43,5.70,2.73,4.60,4.70,4.80,4.97,3.90,3.90,1.79,,1
Nonliterary,1,78,0,A camel is an ocean liner.,A camel can carry a lot of supplies.,A camel can float.,A camel is an animal.,A camel can't carry very many supplies.,4.17,3.77,2.33,3.20,2.83,3.30,3.17,2.90,2.66,1.62,,1
Nonliterary,1,102,0,A chicken is a walking egg carton.,A chicken is convenient for producing eggs.,A chicken fits in a box.,A chicken is a bird.,A chicken is inconvenient.,5.70,5.80,3.00,3.70,3.83,3.63,5.17,3.03,3.83,1.79,,1
Nonliterary,1,53,0,A child's mind is an apple core.,A child's mind is the foundation for an adult's mind.,A child's mind is growing.,A child's mind is a young mind.,A child's mind is trivial.,3.10,3.38,2.47,2.57,2.27,2.73,2.73,1.63,2.00,1.17,,1
Nonliterary,1,7,0,A desert is a sea. ,A desert is vast.,A desert is flat.,A desert is a hot and dry area of land.,A desert is small.,5.32,4.71,2.40,3.68,4.07,4.38,3.73,4.41,3.26,1.81,,1
Nonliterary,1,124,0,A dilemma is a cactus.,A dilemma is complicated and potentially painful.,A dilemma is small and potentially bloody.,A dilemma is a difficult situation.,A dilemma is simple and safe.,3.97,4.40,2.20,3.97,3.17,3.66,3.97,2.41,3.47,1.39,,1
Nonliterary,1,2,0,A dog is a walking stick.,A dog can support you on a walk.,You can carry a dog on a walk.,A dog is a mammal.,A dog can hurt you on a walk.,3.56,3.38,1.96,2.12,2.03,2.97,2.85,2.55,1.89,1.65,,1
Nonliterary,1,72,0,A dog's stomach is his master's alarm clock.,Dog owners are responsive to their dogs' hunger.,Dogs dislike hunger.,A dog's stomach is an organ.,Dogs don't know when their dogs are hungry.,5.03,5.97,3.07,4.37,3.90,3.17,4.00,3.40,3.55,1.45,,1
Nonliterary,1,84,0,A dream is a solar eclipse.,A dream is a major event.,A dream is a bright event.,A dream usually involves mental imagery.,A dream is a mundane event.,3.21,3.52,2.47,3.27,2.62,2.67,3.50,2.30,2.17,1.75,,1
Nonliterary,1,31,2,A dusty and crowded attic is a paradise to child.,A dusty and crowded attic is fun for children.,A dusty and crowded attic has a lot of memories.,A dusty and crowded attic is a room in a house.,A dusty and crowded attic is a scary place,6.00,6.10,4.97,4.80,5.03,4.67,5.63,5.07,4.97,2.03,,1
Nonliterary,1,42,2,A dusty and crowded attic is a scrapbook older people love to page through.,A dusty and crowded attic has a lot of memories.,A dusty and crowded attic is fun for children.,A dusty and crowded attic is an upstairs room.,A dusty and crowded attic is a scary place,6.20,6.45,4.07,5.40,5.13,5.03,5.90,4.77,5.43,1.80,,1
Nonliterary,1,128,0,A dynasty is a play.,A dynasty has several phases.,A dynasty is predictable.,A dynasty is a period of political rule.,A dynasty never ends.,3.13,3.13,2.73,3.00,2.13,2.72,2.43,1.89,2.24,0.96,,1
Nonliterary,1,92,0,A fan is a private summer's breeze.,A fan is refreshing.,A fan is warm.,A fan is a tool for moving air around.,A fan is uncomfortable.,5.60,6.13,3.50,4.28,4.77,5.27,4.90,3.67,4.97,1.52,,1
Nonliterary,1,131,0,A fireman is a boxer.,A fireman is strong and strategic when putting out fires.,A fireman has an audience when putting out fires.,A fireman is someone who extinguishes fires.,A fireman is weak and misguided when putting out fires.,3.67,3.83,2.27,2.63,2.83,3.21,2.83,2.03,1.93,1.21,,1
Nonliterary,1,132,0,A fisherman is a spider.,A fisherman waits for their prey.,A fisherman catches food.,A fisherman is someone who goes fishing.,A fisherman attacks their prey.,3.60,3.30,2.27,2.60,3.13,2.48,2.67,1.90,2.30,1.39,,1
Nonliterary,1,65,0,A flower is a grounded bird,A flower looks different and more beautiful than most plants.,A flower looks different and more delicate than most plants.,A flower is a plant.,A flower looks different and more disgusting than most plants.,3.63,3.73,2.37,2.93,2.20,2.53,2.87,2.40,2.48,1.21,,1
Nonliterary,1,215,0,A folk dance is a braid of steps.,A folk dance is intricate. ,A folk dance can be learned.,A folk dance is a cultural expression.,A folk dance is simple.,5.13,5.53,3.90,4.33,4.30,3.87,3.93,2.47,4.70,1.31,,1
Nonliterary,1,152,3,A forest is a harmonica.,There is always noise in the forest.,A forest is relaxing.,A forest is a collection of trees.,A forest is scary.,3.70,3.37,2.53,2.60,2.23,3.03,2.57,2.03,2.60,1.43,,1
Nonliterary,1,113,3,A forest is a harp.,A forest is relaxing.,There is always noise in the forest.,A forest is a collection of trees.,A forest is scary.,3.63,3.57,2.37,2.80,2.43,2.66,2.67,2.04,1.93,1.32,,1
Nonliterary,1,76,0,A friend is a ray of sunshine.,A friend is rejuvinating.,A friend is kind.,A friend is a companion.,A friend is exhausting.,6.33,6.60,3.55,5.87,5.70,5.83,5.70,5.83,5.59,2.41,,1
Nonliterary,1,13,0,A garbage truck is a hungry scavenger.,A garbage truck aggressively looks for trash.,A garbage truck can hold a lot of trash.,A garbage truck is a large vehicle.,A garbage truck waits for trash to be dropped off.,6.36,6.33,2.96,5.60,5.14,5.59,5.62,4.45,4.59,1.92,,1
Nonliterary,1,6,0,A gas station is an oasis. ,A gas station has necessary supplies.,A gas station is beautiful.,A gas station is a store.,A gas station is unwanted.,5.60,5.50,2.81,4.00,3.28,3.59,3.58,3.86,4.15,1.96,,1
Nonliterary,1,39,0,A good lover is a teddy bear.,A good lover is cuddly.,A good lover is a stuffed animal.,A good lover is a romantic partner.,A good lover is irritable.,5.33,5.41,3.27,4.03,4.80,4.87,5.10,4.03,4.00,2.50,,1
Nonliterary,1,37,0,A good professor is an oasis in the desert.,A good professor is rare.,A good professor provides necessary resources.,A good professor is on the faculty at a university.,A good professor is unwanted.,5.93,5.90,3.77,4.87,4.20,3.73,4.13,3.63,4.77,1.93,,1
Nonliterary,1,136,0,A judge is a balance.,A judge is even-handed.,A judge is correct.,A judge is a person who makes important decisions.,A judge is flippant.,5.36,5.28,3.63,4.87,5.10,5.43,5.03,3.60,4.80,1.96,,1
Nonliterary,1,19,0,A kangaroo is a yo-yo.,A kangaroo is an animal that moves up and down.,A kangaroo is a toy,A kangaroo is a mammal.,A kangaroo is an animal that moves forward and back.,5.08,5.38,2.46,3.32,3.31,2.90,4.31,3.00,3.33,1.38,,1
Nonliterary,1,69,0,A kennel is a pet hotel.,A kennel is a temporary place for pets to stay.,A kennel is a temporary place for pets to play.,A kennel is a place that will care for a pet.,A kennel is a permanent place for pets to stay.,6.30,6.63,4.57,3.80,4.97,4.83,5.40,4.10,5.34,1.48,,1
Nonliterary,1,106,0,A lawyer is a lighthouse.,A lawyer helps you stay away from danger.,A lawyer lives close to the water.,A lawyer is a professional.,A lawyer causes problems.,3.80,3.90,2.23,3.20,2.43,2.70,2.70,1.97,2.33,1.25,,1
Nonliterary,1,178,0,A liar's tongue is a spear of distrust.,Don't trust what a liar says.,Don't do what a liar says.,A liar's tongue is a part of their mouth.,Always trust what a liar says.,5.53,5.87,2.97,5.27,5.10,4.80,4.50,3.43,5.20,2.00,,1
Nonliterary,1,32,0,A long distance swimmer is a fearless warrior.,A long distance swimmer is courageous.,A long distance swimmer is violent.,A long distance swimmer is an athlete.,A long distance swimmer is scared.,6.03,5.69,4.10,4.57,4.77,4.93,5.10,4.40,4.60,1.90,,1
Nonliterary,1,133,0,A lottery is a rich uncle.,A lottery is wealth that seems accessible but may not be.,A lottery is wealth that is easily accessible.,A lottery is a gambling game.,A lottery is wealth that seems hard to get but is actually easy.,3.96,4.93,3.07,3.50,3.03,3.62,3.73,2.71,2.60,1.16,,1
Nonliterary,1,59,4,A match in a forest is a potato chip in a potato field.,A match in a forest is small.,A match in a forest can start a large fire.,A match in a forest is a small piece of flammable wood.,A match in a forest is large.,3.67,3.20,2.73,2.27,2.57,3.20,3.03,2.53,2.76,1.10,,1
Nonliterary,1,258,4,A match in a forest is the case of flu in a large family.,A match in a forest can start a large fire.,A match in a forest is small.,A match in a forest is a flamible piece of wood.,A match in a forest is inconsequential.,5.97,5.87,3.90,4.87,5.10,5.10,5.10,3.64,4.77,1.74,,1
Nonliterary,1,156,0,A mining town is a large tavern.,People who live in mining towns drink a lot of alcohol.,People who live in mining towns are friendly.,A mining town is a town where most people work at a mine.,People who live in mining towns never drink alcohol.,4.77,4.97,3.53,3.33,4.47,4.03,3.93,3.00,3.50,1.43,,1
Nonliterary,1,112,0,A mosquito is an arrow.,A mosquito flies through the air and into people.,A mosquito can move fast.,A mosquito is an insect.,A mosquito only moves sometimes.,5.03,5.20,2.57,3.67,3.93,3.68,4.00,2.86,3.40,1.71,,1
Nonliterary,1,51,0,A museum is a history book.,A museum is filled with information.,A museum is boring.,A museum is a building.,A museum is useless.,6.60,6.48,4.63,5.17,5.87,5.73,5.70,5.73,5.47,1.93,,1
Nonliterary,1,171,0,A pimple is the skin's volcano.,Pimples burst.,Pimples are round. ,A pimple is a red bump.,Pimples are hard to see.,6.50,6.40,3.30,3.97,5.50,4.87,5.77,4.03,4.40,1.57,,1
Nonliterary,1,66,0,A pond is nature's mirror.,A pond is reflective.,A pond is flat.,A pond is a small body of water.,A pond is dark.,6.03,6.07,3.70,5.00,5.40,5.53,5.43,5.00,5.14,1.79,,1
Nonliterary,0,43,0,A racially integrated community is a salt and pepper neighborhood.,na,na,na,na,6.17,6.10,4.17,4.23,4.57,5.00,5.17,3.97,5.17,2.13,Avoiding race,1
Nonliterary,1,98,0,A rocket is a bullet to the stars.,A rocket can fly quickly to the stars.,A rocket can be a small object.,A rocket is vehicle for going to outerspace.,A rocket can fly slowly to the stars.,6.13,6.47,3.70,4.63,5.20,5.43,5.83,3.90,5.23,1.89,,1
Nonliterary,1,123,0,A rumor is a plague.,A rumor spreads through people.,A rumor can kill people.,A rumour is a story.,A rumor is uninteresting.,5.00,6.13,3.20,4.63,4.20,4.72,5.23,4.62,4.73,2.11,,1
Nonliterary,1,21,5,A sailboat is a cat.,A sailboat can move nimbly.,A sailboat is small.,A sailboat is a sea vessel.,A sailboat moves where the wind goes.,2.60,2.96,2.08,2.00,1.93,2.17,2.31,1.62,1.85,1.35,,1
Nonliterary,1,107,5,A sailboat is a leaf.,A sailboat moves where the wind goes.,A sailboat is flat.,A sailboat is a sea vessel.,A sailboat can move tactically.,5.23,5.20,2.73,3.40,3.83,3.83,4.43,2.70,3.27,1.64,,1
Nonliterary,1,26,0,A scientist is a spawning trout.,A scientists has lots of ideas.,A scientist has lots of friends.,A scientist is a worker.,A scientist has few ideas.,3.71,3.96,2.81,2.56,1.90,3.41,2.54,2.28,2.11,1.46,,1
Nonliterary,1,82,0,A sculpture is a landmark of an era.,A sculpture reflects the time and place it was created.,A sculpture is big.,A sculpture is a piece of art.,A sculpture has no connection to the time and place it was created.,5.47,4.97,4.40,3.87,3.57,4.07,3.67,3.50,4.55,1.66,,1
Nonliterary,0,88,0,A second marriage is a new car deal on a used model.,na,na,na,na,5.77,5.40,3.30,3.83,4.20,4.43,4.27,3.41,3.67,1.55,Avoiding judge-y statements,1
Nonliterary,1,64,0,A shadow is a piece of night.,A shadow is dark.,A shadow is mysterious.,A shadow is obstructed light.,A shadow is bright.,5.13,5.67,3.27,4.67,4.27,4.10,4.50,3.13,3.90,1.69,,1
Nonliterary,1,209,0,A smile is an ambassador.,A smile helps to make a good impression.,A smile is a person.,A smile is a facial expression.,A smile helps to make a bad impression.,5.07,4.37,2.57,3.77,3.40,4.43,2.73,3.43,3.50,1.43,,1
Nonliterary,0,217,0,A soft-boiled egg is a guillotined aristocrat.,na,na,A solf-boiled egg is boiled for a short time.,na,3.52,3.48,3.79,2.83,2.13,3.17,2.60,1.57,1.97,0.69,What does it mean?,1
Nonliterary,0,60,0,A star is an eye of heaven.,na,na,na,na,5.27,5.53,2.47,4.83,4.77,4.93,4.37,4.23,4.24,1.83,Avoiding religious,1
Nonliterary,1,9,0,A storm is a coffeepot.,A storm is dark.,A storm is hot.,A storm is a disturbed state of the environment.,A storm is clear.,3.44,4.00,2.19,2.80,3.03,2.28,3.35,2.10,2.37,1.69,,1
Nonliterary,1,211,0,A story is a string of beads.,A story is a connected series of events.,A story is an artistic creation.,"A story is a tale with a beginning, middle, and end.",A story is disconnected.,5.17,5.40,2.73,3.77,3.93,3.77,4.87,3.20,3.63,2.03,,1
Nonliterary,1,93,0,A surgeon is an interior decorator.,A surgeon organizes the body so it can function better.,A surgeon operates on the body so it can look more stylish.,A surgeon is a doctor.,A surgeon organizes the body so it can lose function.,5.53,6.20,3.03,3.77,3.97,3.93,5.27,2.77,3.23,1.90,,1
Nonliterary,1,54,6,A trailer-home is a souped-up closet.,A trailer-home doesn't have much extra space.,A trailer-home is a way to take more stuff on trips.,A trailer-home is a portable home.,A trailer-home is protection.,4.90,5.07,2.83,3.40,3.77,3.50,3.33,2.87,2.90,1.43,,1
Nonliterary,1,256,6,A trailer-home is the shell of a wandering turtle.,A trailer-home is always close by.,A trailer-home is protection.,A trailer-home is a portable home.,A trailer-home is a way to take more stuff on trips.,5.86,5.70,3.03,3.97,4.21,4.24,4.48,2.68,4.03,1.62,,1
Nonliterary,1,45,0,A train is a large worm.,A train is long and thin.,A train moves through the ground.,A train is a large vehicle.,A train is short and wide.,5.63,5.93,2.73,3.30,5.30,5.13,4.93,3.20,3.43,1.93,,1
Nonliterary,1,63,7,A tree is an old man.,A tree is old and seems kind.,A tree is old and seems happy.,A tree is a tall plant with leaves.,A tree is old and seems innocent.,4.30,4.27,2.70,3.40,3.73,3.80,4.17,4.33,2.62,1.83,,1
Nonliterary,1,3,7,A tree is an umbrella.,A tree can offer protection from the rain.,A tree can be a fashion accessory.,A tree is a plant.,A tree cannot offer protection from the rain.,5.60,5.83,3.15,4.88,4.69,5.10,4.77,4.41,4.70,2.04,,1
Nonliterary,1,17,0,A tree stump is a dead soldier.,A tree stump is the remains of a tree that was once alive.,A tree stump can mark a grave.,A tree stump is a dead tree.,A tree stump is currently alive.,4.58,4.25,2.54,4.20,3.21,3.82,3.46,2.93,2.96,1.85,,1
Nonliterary,1,104,0,A wave is a tick of a clock.,A wave is consistent.,A wave makes a sound.,A wave is in the ocean.,A wave is slow.,3.67,3.70,2.17,3.10,3.03,2.93,2.93,2.73,2.23,1.54,,1
Nonliterary,1,34,0,A well trained fighter is a knight in armor.,A well trained fighter has extra protection.,A well trained fighter is fast.,A well trained fighter is good at fighting.,A well trained fighter is more vulnerable.,5.53,5.93,3.87,4.07,5.00,4.70,4.60,3.53,4.87,1.77,,1
Nonliterary,1,47,8,A white rabbit's fur in winter is a ready-made suit of long underwear.,A white rabbit's fur in winter is naturally warm and cozy.,A white rabbit's fur in winter is good camoflauge.,A white rabbit's fur in winter is the outermost part of the animal.,A white rabbit's fur in winter is naturally cold and uncomfortable.,5.63,6.07,3.57,3.83,4.73,4.83,5.03,2.97,4.53,1.57,,1
Nonliterary,1,253,8,A white rabbit's fur in winter is a soldier's army-green uniform in a jungle.,A white rabbit's fur in winter is good camoflauge.,A white rabbit's fur in winter is naturally warm and cozy.,A white rabbit's fur in winter is the outermost part of the animal.,A white rabbit's fur in winter is easy to see.,5.93,5.87,3.43,4.90,5.14,4.97,4.93,3.32,4.60,1.85,,1
Nonliterary,1,114,9,A wish is a butterfly.,A wish is delicate.,A wish is beautiful.,A wish is a hope for the future.,A wish is harsh.,3.63,4.00,2.10,2.77,2.47,3.07,2.97,2.90,2.67,1.43,,1
Nonliterary,1,117,9,A wish is a rainbow.,A wish is beautiful.,A wish is delicate.,A wish is a hope for the future.,A wish is harsh.,4.70,4.93,2.27,3.70,3.73,4.34,4.10,3.69,3.60,1.61,,1
Nonliterary,0,56,0,A zebra is a xylophone.,na,na,na,na,3.13,3.60,2.53,2.37,2.70,2.93,3.40,2.53,2.62,0.69,Meaning?,1
Nonliterary,1,187,0,Adventure is a roller-coaster.,Adventure includes positive and negative experiences.,Adventure is fast.,Adventure is a journey.,Adventure is calm.,5.70,5.93,3.83,4.30,5.37,5.50,5.07,4.73,4.47,2.24,,1
Nonliterary,1,191,0,Age is an altar of memories.,Older people have more memories.,People acquire memories as they get older.,Age is the number of years something has been alive.,People start to lose their memory as they age.,5.13,5.13,3.73,4.33,4.33,3.83,4.43,3.80,4.67,1.79,,1
Nonliterary,1,95,0,Airplanes are angry birds.,Airplanes fly on their own course.,Airplanes sometimes attack.,Airplanes are flying vehicles.,Airplanes bring joy.,4.83,4.43,2.33,2.87,4.40,3.87,3.87,2.60,2.63,1.32,,1
Nonliterary,1,150,10,Alcohol is a crutch.,People can become dependent on alcohol.,Drinking provides support.,Alcohol is a drink that can make people feel relaxed.,Drinking is fun but risky.,6.30,6.37,4.40,5.17,4.87,4.90,5.37,6.63,5.20,2.07,,1
Nonliterary,1,206,10,Alcohol is a joyride.,Drinking is fun but risky.,Drinking is scary.,Alcohol is a drink that can make people feel relaxed.,People can become dependent on alcohol.,5.20,5.67,3.63,3.50,3.83,4.30,3.20,4.03,3.43,2.14,,1
Nonliterary,0,75,0,Alcoholism is a parasite.,na,na,na,na,5.70,6.20,3.83,5.13,4.73,4.43,4.93,4.73,4.90,2.21,Avoiding judge-y statements,1
Nonliterary,1,99,0,An accordian is a musical file-folder.,An accordian is has a lot of folds in it.,An accordian is rectangular.,An accordian is a musical instrument.,An accordian is smooth.,5.63,5.70,2.97,3.77,4.93,4.63,5.17,3.70,4.60,1.32,,1
Nonliterary,1,101,0,An accountant is a juggler.,An accountant has to complete lots of different tasks.,An acountant is entertaining.,An accountant is a worker.,Being an accountant is an easy job.,5.87,5.57,3.77,4.57,4.10,4.67,4.33,3.30,3.73,1.96,,1
Nonliterary,1,94,0,An acrobat is the bird of the bigtop.,An acrobat performs in the air.,An acrobat has feathers.,An acrobat is a performer.,An acrobat performs on the ground.,5.57,5.93,3.20,3.23,4.43,3.53,4.70,3.57,4.07,1.57,,1
Nonliterary,1,118,0,An ambassador is a peacock.,An ambassador should attract attention.,An ambassador is beautiful.,An ambassador is a representative of a country.,An ambassador should irritate people.,4.00,3.90,2.30,3.17,2.77,3.21,3.17,2.52,2.60,1.32,,1
Nonliterary,1,1,0,An ant is a bulldozer.,An ant can move a lot of dirt.,An ant is big.,An ant is an insect.,An ant is not very effective.,4.88,4.46,2.27,3.60,3.31,3.83,4.15,3.86,2.81,2.08,,1
Nonliterary,1,81,0,An exaggeration is an invitation to falsehood.,An exaggeration is a precursor to a lie.,An exaggeration is worse than a lie.,An exaggeration is not entirely true.,An exaggeration is not a lie.,5.13,5.80,4.10,4.40,3.63,4.23,3.73,3.70,4.72,1.59,,1
Nonliterary,1,119,0,An idea is a kettle on the stove.,It takes time for an idea to be ready.,It takes water for an idea to be ready.,An idea is a thought.,An idea is ready instantly.,4.27,4.93,2.90,3.80,3.17,3.10,3.87,2.86,3.20,1.50,,1
Nonliterary,1,105,0,An island is a cork.,An island is a place without water.,An island prevents liquid from leaking out of a bottle.,An island is a piece of land surrounded by water.,An island is a place covered in water.,4.53,4.53,2.17,3.33,3.63,3.93,3.90,2.53,2.97,1.43,,1
Nonliterary,1,68,0,An old man is a living history book.,An old man has a lot of knowledge about the past.,An old man has knowledge that could be tested in a history class.,An old man is a man who has lived a long time.,An old man has little knowledge of the past.,6.20,6.43,4.03,4.53,4.60,5.17,5.10,4.77,4.72,2.03,,1
Nonliterary,1,89,0,An umbrella is a portable roof.,An umbrella can provide shelter anywhere.,An umbrella is heavy.,An umbrella is a tool for staying dry.,An umbrella can leak.,6.20,6.67,4.41,4.27,5.20,5.67,5.60,4.33,5.23,1.83,,1
Nonliterary,1,129,0,Anarchy is a watering can for destruction.,Anarchy leads to destruction.,Destruction leads to anarchy.,Anarchy is a lack of government.,Anarchy prevents destruction.,3.66,4.20,3.00,3.83,2.40,2.52,3.63,2.55,3.40,1.50,,1
Nonliterary,1,212,0,Anger is a blizzard.,Anger is chaotic.,Anger is snowy.,Anger is an intense emotion.,Anger is predictable.,5.40,5.97,3.20,4.17,5.50,4.73,4.97,4.10,4.13,2.24,,1
Nonliterary,1,67,11,Artists are gods.,Artists are creators.,Artists know everything.,Artists are creative people.,Artists are show-offs.,3.90,3.73,2.50,2.53,2.27,2.47,2.40,2.53,2.17,1.07,,1
Nonliterary,1,122,11,Artists are peacocks.,Artists are show-offs.,Artists are attractive.,Artists are creative people.,Artists are creators.,4.03,4.24,2.73,2.83,3.17,3.00,3.30,2.76,2.69,1.43,,1
Nonliterary,1,201,0,Babies are angels.,Babies are soothing.,Babies are gentle.,Babies are young people.,Babies are violent.,6.10,5.43,3.23,3.87,5.40,5.50,4.93,5.53,4.57,2.34,,1
Nonliterary,1,49,12,Bargain hunters are flocks of chickens.,Bargain hunters move in groups.,Bargain hunters scratch at merchandise.,Bargain hunters are people looking to save money.,Bargain hunters look for treasure.,4.97,4.59,3.07,3.70,4.03,4.27,4.17,3.07,3.67,1.73,,1
Nonliterary,1,254,12,Bargain hunters are prospectors for gold.,Bargain hunters search for good deals.,Bargain hunters look for treasure.,Bargain hunters are people looking to save money.,Bargain hunters move in groups.,5.34,5.73,3.13,3.87,4.07,4.48,4.45,3.36,3.93,1.59,,1
Nonliterary,1,224,0,Beaches are grills.,Beaches are hot.,Beaches cook food.,Beaches are filled with sand.,Beaches are cold.,5.40,5.07,2.50,3.30,4.30,4.43,4.50,3.30,3.63,1.69,,1
Nonliterary,1,36,0,Beavers are lumberjacks with fur coats.,Beavers cut down trees.,Beavers use tools.,Beavers are mammals.,Beavers never cut down trees.,6.30,6.45,3.53,5.20,5.60,5.07,5.57,4.93,5.27,1.90,,1
Nonliterary,0,28,0,Beggars are the tapeworms of the city.,na,na,na,na,5.64,5.75,2.81,3.84,4.31,3.69,4.46,3.17,3.89,1.73,Derogatory,1
Nonliterary,1,159,0,Beware-of-dog signs are scarecrows.,Beware-of-dog signs are intended to keep certain people away.,Beware-of-dog signs are sometimes effective.,Beware-of-dog signs alert people that there is a dog.,Beware-of-dog signs are intended to attract certain people.,5.63,6.13,4.07,3.80,4.80,4.40,5.10,3.43,4.50,1.57,,1
Nonliterary,1,38,13,Billboards are the yellow pages of the highway.,Billboards provide information about companies.,Billboards are ugly.,Billboards are advertisements.,Billboards lack information.,6.20,6.00,4.03,5.37,4.60,5.00,4.97,3.10,5.07,1.93,,1
Nonliterary,1,214,13,Billboards are warts on the landscape.,Billboards are ugly.,Billboards grow from the land.,Billboards are advertisements.,Billboards are beautiful.,5.37,4.77,3.13,3.77,4.07,3.83,4.47,3.37,3.53,1.66,,1
Nonliterary,1,103,0,Books are treasure chests of information.,Books have lots of valuable information.,Books are heavy.,Books are made of paper.,Books have little valuable information.,6.60,6.41,4.37,5.63,5.23,5.57,5.37,5.70,5.70,1.93,,1
Nonliterary,1,241,0,Caves are empty pockets.,Caves have space that is available for use.,Caves can be on clothing.,Caves are large underground chambers.,Caves have no space that is available for use.,5.79,5.77,3.77,3.73,4.62,4.97,5.62,2.83,4.50,1.45,,1
Nonliterary,0,100,0,Charities are corporate beggars.,na,na,na,na,5.33,5.10,3.67,3.93,3.43,3.73,3.53,2.43,2.97,1.32,Derogatory,1
Nonliterary,1,148,0,Chess masters are computers.,Chess masters are mechanical thinkers.,Chess masters are good thinkers.,Chess masters are excellent players.,Chess masters are bad thinkers.,5.30,5.63,3.57,3.67,4.77,3.83,4.33,4.13,4.50,1.83,,1
Nonliterary,1,115,0,Children are sponges.,Children learn quickly.,Children are small.,Children are young people.,Children learn slowly.,4.30,5.27,2.77,3.50,3.37,3.41,3.73,3.76,2.83,1.86,,1
Nonliterary,0,35,0,Cigarette fiends are babies with pacifiers.,na,na,na,na,5.57,5.28,3.43,4.90,4.90,4.83,5.43,4.97,5.23,1.93,Derogatory,1
Nonliterary,0,250,0,Cigarette fiends are dragons.,na,na,na,na,4.71,4.87,2.90,3.73,4.41,4.79,5.21,3.26,3.72,1.78,Derogatory,1
Nonliterary,1,155,0,Coal mines are the bowels of the earth.,Coal mines are unpleasant places.,Coal mines are underground.,Coal mines are places where people extract coal from the land.,Coal mines are pleasant places.,5.62,6.00,3.53,3.83,4.87,4.50,4.77,4.00,4.47,1.77,,1
Nonliterary,1,168,0,Conscience is a thorn in the mind.,Conscience is inconvenient and painful.,Conscience is prickly.,Conscience is a person's inner voice.,Conscience is convenient and joyful.,5.97,6.10,3.23,4.53,4.47,4.00,4.87,4.87,4.80,1.83,,1
Nonliterary,1,77,0,Courtesy is a sweet note in the noise of the city.,Courtesy is a nice gesture.,Courtesy is a quiet gesture.,Courtesy is an expression of kindness.,Courtesy is a mean gesture.,6.00,6.41,3.53,5.60,4.47,5.10,5.17,4.83,5.14,1.66,,1
Nonliterary,1,230,0,Craters are the moon's dimples.,Craters give character to the moon's surface.,Craters give texture to the moon's surface.,Craters are indentions in the moon.,Craters are invisible.,6.34,6.20,3.10,4.47,5.80,5.10,5.63,3.80,4.67,1.52,,1
Nonliterary,1,10,0,Creativity is a toaster.,Creativity enhances things.,Creativity is fast.,Creativity is creating new things.,Creativity is predictable.,2.48,2.96,2.35,2.36,1.93,2.03,2.88,1.52,2.11,1.19,,1
Nonliterary,1,58,14,Criticism is a branding iron.,Criticism is painful.,Criticism is hot.,Criticism is a kind of feedback.,Criticism is fun to hear.,4.90,5.28,3.20,4.03,4.07,3.80,4.33,3.57,3.69,1.79,,1
Nonliterary,1,257,14,Criticism is the helpful medicine only friends can prescribe.,Criticism is necessary and best heard from friends.,Criticism is necessary but never from friends.,Criticism is a kind of feedback.,Criticism is more painful from friends.,6.14,5.63,4.23,4.43,4.62,5.00,4.52,4.41,4.67,1.48,,1
Nonliterary,1,154,0,Danger is a spice.,Danger creates variety.,Danger tastes good.,Danger is when there is a possibility of suffering harm or injury. ,Danger is boring.,4.63,4.87,2.87,3.57,3.53,3.73,3.73,3.43,3.53,1.83,,1
Nonliterary,1,20,0,Darkness is a gloved hand.,Darkness can conceal things.,Darkness is warm.,Darkness is space without light.,Darkness is exciting.,5.20,5.00,2.81,4.32,4.03,3.90,4.46,4.31,3.67,1.65,,1
Nonliterary,1,192,0,Deceit is an ambush.,Deceit is unexpected and damaging.,Deceit is violent.,Deceit is lying.,Deceit is anticipated.,4.67,5.00,3.40,3.90,3.23,3.37,3.73,3.00,3.90,1.72,,1
Nonliterary,1,204,0,Detectives are ferrets.,Detectives go anywhere they can.,Detectives are hairy.,Detectives are people who investigate and solve crimes.,Detectives are loving.,4.00,3.97,3.27,3.50,3.33,3.50,3.37,2.70,3.30,1.38,,1
Nonliterary,1,202,0,Dictators are the stranglers of liberty.,Dictators oppose liberty.,Dictators dislike liberty.,Dictators are the rulers of authoritarian countries.,Dictators promote liberty.,6.10,5.63,3.97,4.97,5.14,5.37,3.97,4.31,5.57,1.79,,1
Nonliterary,1,190,0,Dictionaries are microscopes of words.,Dictionaries have detailed information about words.,Dictionaries are small.,Dictionaries are books with definitions of words.,Dictionaries are useless.,4.83,5.53,3.63,4.53,4.00,3.83,4.43,3.37,4.23,1.76,,1
Nonliterary,1,126,0,Discipline is fertilizer.,Discipline is helpful.,Discipline is a chemical.,Discipline is having a lot of will-power.,Discipline is hard.,4.00,3.83,2.70,3.47,2.90,3.24,3.37,2.31,2.43,1.54,,1
Nonliterary,0,74,0,Divorce is a hand choking the modem family.,na,na,na,na,5.90,5.87,3.67,4.53,4.67,4.23,4.83,4.10,4.17,1.93,Judge-y,1
Nonliterary,1,175,0,Divorce is the earthquake of the family.,Divorce is surprising and disruptive for families.,Divorce is a major negative event for families.,Divorce is when a married couple ends their relationship.,Divorce is predictable and easy for families.,6.00,6.30,3.60,4.90,5.73,5.13,5.27,4.40,5.00,2.03,,1
Nonliterary,1,146,0,Dreams are the movies of the mind.,Dreams are personal entertainment.,Dreams require tickets.,Dreams are what people remember from sleep.,Dreams are boring.,6.33,6.57,4.66,5.57,5.80,5.40,6.07,5.23,5.97,2.30,,1
Nonliterary,0,161,0,Drug addicts are hollow shells.,na,na,na,na,5.93,5.67,3.60,3.93,5.03,5.20,4.63,4.23,4.03,1.93,Derogatory,1
Nonliterary,1,245,0,Each new idea is a sun.,Each new idea can be inspiring.,Each new idea can provide warmth.,Each new idea is a thought.,Each new idea is terrible.,5.52,5.37,3.00,4.70,4.69,4.30,4.14,4.24,5.10,1.97,,1
Nonliterary,1,139,0,Education is a lantern.,Education helps to reveal reality.,Education is fire.,Education is learning at school.,Education is expensive.,5.75,6.07,3.30,5.30,4.73,5.03,5.07,4.67,4.63,2.04,,1
Nonliterary,1,125,0,Evolution is a lottery.,Evolution involves luck.,Evolution is bingo.,Evolution is process.,Evolution is fate.,3.63,3.10,2.43,3.10,2.10,3.17,2.33,2.45,1.97,1.36,,1
Nonliterary,1,25,0,Experience is a used car salesman.,Experience can be misleading.,Experience can be helpful.,Experience is observation.,Experience can be hard to find.,5.00,4.88,3.42,3.08,2.66,3.86,3.27,2.76,2.67,1.58,,1
Nonliterary,1,180,0,Experiments are the lasso of progress.,Experiments are a useful method for making quick progress.,Experiments are made of rope.,Experiments are an important piece of the scientific method.,Experiments are misleading.,5.00,5.10,3.30,4.40,3.57,3.60,3.33,2.80,4.38,1.59,,1
Nonliterary,1,130,0,Extravagance is poison ivy.,Extravagance causes problems and is hard to eliminate.,Extravagance causes a rash.,Extravagance is a lack of restraint.,Extravagance is important.,4.14,4.40,2.67,3.40,2.23,3.17,3.77,2.76,2.97,1.61,,1
Nonliterary,1,141,0,Fame is a credit card.,Fame is worth money.,Fame is temporary.,Fame is when you are known by a lot of people.,Fame is easy to get.,4.61,4.69,2.70,3.50,3.20,3.60,3.14,3.03,3.43,1.41,,1
Nonliterary,1,248,0,Featherweight boxers are wasps.,Featherweight boxers are agile.,Featherweight boxers are annoying.,Featherweight boxers are the lightest weightclass.,Featherweight boxers are pleasant.,4.31,3.20,2.47,3.37,2.97,3.53,3.59,2.17,2.70,1.48,,1
Nonliterary,1,70,15,Freedom is a breath of fresh air.,Freedom is refreshing.,Freedom is cold.,Freedom is a value.,Freedom is difficult.,5.93,6.13,3.47,4.87,4.77,5.03,4.53,5.47,5.17,2.00,,1
Nonliterary,1,5,15,Freedom is truth. ,Freedom is important.,Freedom is the only thing that matters.,Freedom is an ideal.,Freedom is irrelevant.,5.42,4.79,3.81,4.36,3.14,3.48,2.96,5.10,5.11,1.69,Another freedom,1
Nonliterary,1,149,0,Genes are blueprints.,Genes are instructions.,Genes are paper.,Genes are the basic physical unit of heredity.,Genes are distracting.,6.73,6.63,4.93,5.83,5.60,5.23,5.00,5.93,5.77,1.93,,1
Nonliterary,1,16,0,Greed is a hugry buzzard.,Greed is shameless.,Greed can fly.,Greed is an emotion.,Greed is good.,5.84,5.92,3.23,4.60,4.66,4.24,5.15,3.66,4.48,2.12,,1
Nonliterary,1,235,0,Growing up is the funeral of youth.,People change as they age.,Growing up is sad.,Growing up is what happens to people over time.,Growing up is easy.,4.86,5.07,3.30,3.97,3.47,2.43,3.87,3.03,3.20,1.86,,1
Nonliterary,1,111,0,Happiness is gold.,Happiness is valuable.,Happiness is shiny.,Happiness is an emotion.,Happiness is irrelevant.,6.50,6.30,3.47,4.83,3.93,5.10,4.37,5.03,4.37,2.15,,1
Nonliterary,1,138,0,Hard work is a ladder.,Hard work is the way to make progress.,Hard work is the way to perform better.,Hard work is working hard.,Hard work leads to stagnation.,6.11,5.97,3.47,4.77,5.33,5.20,5.10,5.07,4.97,2.19,,1
Nonliterary,1,109,16,History is a magnet.,History attracts certain people.,History is a small piece of metal.,History is told in books.,Everyone hates history.,3.87,4.13,2.70,3.13,2.17,2.53,2.97,2.52,2.97,1.39,,1
Nonliterary,1,22,16,History is a mirror.,We see ourselves in history.,History is a piece of furniture.,History is what happened in the past.,History is unknowable.,5.80,6.42,3.50,5.40,4.62,4.10,4.96,5.03,4.56,2.15,,1
Nonliterary,1,23,16,History is a sponge.,History absorbs people and stories.,History is a record.,History is a story.,We see ourselves in history.,4.08,4.58,3.31,3.40,2.48,2.66,3.12,2.76,3.00,1.46,,1
Nonliterary,1,96,16,History is an alarm clock.,History is motivation.,History is why some people get out of bed in the morning.,History is a story of the past.,History is lazy.,3.70,3.57,2.37,2.70,2.13,3.03,2.70,2.10,2.23,1.21,,1
Nonliterary,1,87,0,Honey is a bear's best friend.,Bears love honey.,Honey is sticky for bears.,Honey is made by bees.,Bears hate honey.,6.50,6.03,4.33,3.90,4.83,5.63,5.03,5.93,4.43,1.97,,1
Nonliterary,1,134,0,Humor is a salve.,Humor is soothing.,You can buy humor.,Humor is funny. ,Humor is irritating.,3.50,3.97,2.87,3.63,2.33,3.13,3.07,2.90,3.30,1.15,,1
Nonliterary,0,177,0,Immature women are uncut diamonds.,na,na,na,na,5.07,5.30,3.07,4.07,4.87,3.90,3.70,3.20,3.97,1.86,Derogatory,1
Nonliterary,1,221,0,Indecision is a whirlpool.,Indecision causes chaos.,Indecision moves in a circle.,Indecision is the inability to make a decision.,Indecision is useful.,5.70,5.80,2.90,5.13,4.63,4.67,5.67,4.00,4.83,2.03,,1
Nonliterary,1,169,0,Lies are a swamp.,Lies can bog people down.,Lies are uncomfortable.,Lies are stories that never happened.,Lies are necessary.,4.97,4.83,2.83,3.77,3.53,3.93,3.83,3.57,3.47,2.27,,1
Nonliterary,0,234,0,Lies are shoals.,na,na,na,na,3.83,3.63,2.93,3.41,2.40,3.40,2.63,2.37,2.96,0.83,Dated,1
Nonliterary,1,164,0,Loneliness is a desert.,Loneliness is isolating.,Loneliness is dry.,Loneliness is the feeling of being alone.,Loneliness is pleasant.,6.23,6.20,3.83,4.80,5.77,5.57,5.77,4.93,5.80,2.23,,1
Nonliterary,1,205,0,Loud voices are bellows.,Loud voices often encourage controversy.,Loud voices often explain controvery.,Loud voices are above normal speaking volume.,Loud voices often discourage controversy.,5.27,5.80,4.53,3.73,4.13,4.50,4.57,4.07,4.17,1.90,,1
Nonliterary,1,15,0,Love is a flower.,Love is beautiful and grows.,Love dies.,Love is an emotion.,Love is ugly.,5.84,5.96,2.92,3.80,4.59,5.00,4.65,5.21,4.33,3.08,,1
Nonliterary,1,193,0,Lust is anarchy.,Lust lacks discipline and will lead to chaos.,Lust lacks happiness and will lead to despair.,Lust is a strong sexual desire.,Lust lacks happiness and is orderly.,3.57,3.10,3.10,3.07,2.47,2.70,2.83,2.50,2.67,1.24,,1
Nonliterary,1,207,0,Marriage is an alloy.,Marriage keeps people together.,Marriage is durable.,Marriage is a formal union of two people.,Marriage is temporary.,4.87,4.97,3.50,3.80,3.77,3.80,3.60,3.03,3.50,1.69,,1
Nonliterary,1,208,0,Memories are mists across lawns.,Memories are fleeting.,Memories are replayed across lawns.,Memories are recollections of the past.,Memories are permanent.,4.67,4.90,2.72,4.20,4.10,4.40,4.80,2.87,3.60,1.46,,1
Nonliterary,1,110,0,Memory is a trash-masher.,We remember distorted versions of the past.,We remember compressed versions of the past.,Memory is what people remember.,We remember accurate versions of the past.,3.40,3.70,2.47,2.92,2.66,2.53,3.20,1.93,2.50,1.58,,1
Nonliterary,1,246,0,Migraine headaches are beating drums.,Migraine headaches can be throbbing.,Migraine headaches can make people sensitive to noise.,Migraine headaches can be sudden and painful.,Migraine headaches are comfortable.,6.52,6.43,3.52,4.97,5.55,5.53,5.90,4.69,5.47,1.97,,1
Nonliterary,1,199,0,Mimes are wooden statues.,Mimes are very still.,Mimes are made of wood.,Mimes are people who portray characters through gesture.,Mimes are active.,3.20,3.60,2.77,2.47,2.90,2.07,3.57,2.27,2.47,1.34,,1
Nonliterary,1,140,17,Money is a lubricant.,Money helps make things happen.,Money is easy to spend.,Money is a medium of economic exchange.,Money makes it harder to get things done.,4.57,5.00,2.70,4.10,3.60,3.80,3.24,3.00,3.50,1.81,,1
Nonliterary,1,127,17,Money is blood.,Money is how people buy the things they need to live.,Money is valuable.,Money is a medium of economic exchange.,Money is unimportant to one's well-being.,3.70,4.03,2.70,2.83,3.20,3.38,3.23,2.79,2.23,1.75,,1
Nonliterary,1,80,17,Money is penicillin.,Money can make problems go away.,Money is easy to spend.,Money is a medium of economic exchange.,Money makes it harder to get things done.,3.53,3.73,2.40,2.50,2.30,2.80,1.70,2.00,2.10,0.97,,1
Nonliterary,1,236,17,Nature is a vast laboratory.,Nature is an unpredictable place.,Nature is a large place.,Nature is all phenomena of the physical world.,Nature is a controlled place.,5.34,5.20,3.67,4.52,4.70,4.77,4.70,3.87,4.70,1.97,,1
Nonliterary,1,238,0,Newspapers are telescopes of events.,Newspapers enable more people from all over to learn about events.,Newspapers include a lot of information about events.,Newspapers are where the news is reported.,Newspapers prevent people from learning about events.,5.41,5.63,3.83,3.97,3.90,4.37,3.93,3.37,4.33,1.79,,1
Nonliterary,1,160,0,Official reports are skeletons of the truth.,Official reports don't tell the whole story.,Official reports are versions of the truth.,Official reports are documents produced by officials.,Official reports are lies.,5.30,5.20,4.07,3.97,4.59,4.27,4.27,3.63,4.30,1.80,,1
Nonliterary,1,165,0,Oil is liquid gold.,Oil is extremely valuable.,Oil is liquid and metallic.,Oil is refined into gas.,Oil is cheap.,6.40,6.70,4.37,5.67,5.70,5.77,5.30,5.80,5.93,2.10,,1
Nonliterary,1,227,18,School teachers are encyclopedias.,School teachers are knowledgable,School teachers are detailed.,School teachers teach classes to students.,School teachers are boring.,5.69,5.47,3.10,3.67,4.28,4.40,4.00,3.66,4.10,2.07,"Note: changed from ""old schoolteachers""",1
Nonliterary,1,62,18,School teachers are granite.,School teachers are strong.,School teachers are detailed.,School teachers teach classes to students.,School teachers are boring.,4.43,4.63,2.97,3.73,3.53,3.53,3.90,2.63,2.90,1.72,"Note: changed from ""old schoolteachers""",1
Nonliterary,1,226,0,Our environment is a chamber pot.,Our environment is filthy.,Our environment smells bad.,Our environment is where we live.,Our environment is beautiful.,4.10,4.17,3.13,3.03,2.93,2.80,3.37,2.17,2.77,1.25,,1
Nonliterary,1,46,0,Perception is the father of memory.,You only remember what you see.,You only remember what you do.,Perception is part of experience.,You can remember everything.,4.53,4.97,2.93,4.17,2.90,3.93,3.10,3.17,4.47,1.33,,1
Nonliterary,1,153,0,Perfume is a magic spell.,Perfume can be powerful.,Perfume can be surprising.,Perfume is a fragrant odor.,Perfume can be off-putting.,5.30,5.20,2.77,3.37,3.63,4.17,3.23,3.17,3.77,1.63,,1
Nonliterary,1,213,0,Perjury is a boomerang.,Perjury comes back to hurt you.,Perjury comes back to help you.,Perjury is an illegal behavior.,Purjury comes back to free you.,4.97,5.17,3.10,4.27,3.67,3.73,3.60,2.63,4.03,1.66,,1
Nonliterary,1,85,0,Poems are the seeds of culture.,Poems are an early part of culture.,Poems are a daily part of culture.,Poems are artistic expressions.,Poems are not a part of culture.,4.47,4.27,3.07,3.87,3.30,3.60,3.43,3.10,3.47,1.59,,1
Nonliterary,1,157,0,Political success is a house of cards.,Political success is unstable over the long term.,Political success can be built over the long term.,Political success is winning elected office.,Political success is easy over the long term.,5.13,5.10,3.07,4.00,4.00,3.70,3.63,3.47,3.80,1.83,,1
Nonliterary,1,79,19,Power is capitalism's narcotic.,Capitalism can be undermined by power.,Power can be injected.,Power is being able to take control.,Power can resolve problems.,4.90,4.60,3.57,4.67,3.30,3.30,3.40,3.13,3.83,1.55,,1
Nonliterary,1,61,19,Power is penicillin.,Power can resolve problems.,Power can be injected.,Power is being able to take control.,Power can cause problems.,4.33,4.13,3.03,2.97,2.40,3.23,2.53,2.97,2.55,1.38,,1
Nonliterary,0,182,0,President Nixon is the leper of American politics.,na,na,na,na,5.40,5.20,3.87,3.57,4.10,3.67,3.77,3.27,3.60,1.79,Dated,1
Nonliterary,1,239,0,Purgatory is the lobby of heaven.,na,na,na,na,4.14,4.62,3.17,4.00,4.14,3.50,3.41,2.69,3.07,1.07,Religious,1
Nonliterary,1,196,0,Rain clouds are pregnant ghosts.,Rain clouds are full of water and white or gray.,Rain clouds are full of water and are colorful.,Rain clouds are filled with water.,Rain clouds do not contain any water.,4.03,4.90,2.77,2.77,3.37,3.83,3.73,1.90,3.07,1.17,,1
Nonliterary,1,73,0,Religion is the lifeblood of society.,Religion is crucial for the health of society.,Religion connects people in society.,Religion is a particular system of faith and worship.,Religion is detrimental to society.,4.90,4.90,3.17,3.83,2.90,3.53,3.33,3.60,3.86,1.83,,1
Nonliterary,1,260,0,Respect is a precious gem.,Respect is valuable.,Respect is hard to find.,Respect is a feeling of admiration.,Respect is silly.,6.24,6.20,3.33,4.97,5.21,5.21,5.03,5.00,5.30,1.85,,1
Nonliterary,1,142,20,Responsibility is a barbell.,Responsibility is hard.,Responsibility is exercise.,Responsibility is a virtue.,Responsibility is easy.,4.82,4.79,2.63,3.27,3.23,3.67,3.72,3.10,2.87,1.52,,1
Nonliterary,1,220,20,Responsibility is a shackle.,Responsibility is confining.,Responsibility is difficult.,Responsibility is a virtue.,Responsibility is easy.,4.69,4.67,2.83,3.23,2.73,3.57,3.40,2.80,3.23,1.21,,1
Nonliterary,1,174,0,Ritual is the prison of individuality.,Ritual eliminates self-expression.,Ritual is physically confining.,Ritual is a behavior done as religious rite.,Ritual encourages self-expression.,4.77,5.03,3.10,4.00,3.83,3.43,3.60,3.33,4.30,1.48,,1
Nonliterary,1,200,0,Sarcastic smiles are acid.,Sarcastic smiles can inflict harm.,Sarcastic smiles can melt plastic.,Sarcastic smiles are not genuine.,Sarcastic smiles can be funny.,5.23,5.67,3.20,4.30,4.43,4.60,4.63,3.93,4.17,2.03,,1
Nonliterary,1,259,0,Scientific research is mountain climbing.,Scientific research is strenuous work.,Scientific research is physical work.,Scientific research is done in labs.,Scientific research is relaxing.,5.97,6.07,3.03,4.73,4.69,5.07,4.69,4.29,4.40,2.04,,1
Nonliterary,1,144,0,Security is a trap.,Security is not as valuable as it seems.,Security is not as friendly as it seems.,Security is being free from danger or threat.,Security is more valuable than it seems.,4.68,4.31,2.73,3.80,3.27,3.33,3.10,3.47,1.97,1.67,,1
Nonliterary,1,194,0,Silence is an apron.,Silence prevents risk.,Silence is made of cloth.,Silence is the complete absence of sound.,Silence causes risk.,3.27,3.67,2.47,2.33,2.03,2.73,3.13,2.33,2.47,1.24,,1
Nonliterary,1,12,21,A skyscraper is a slumbering giant.,A skyscraper is big.,A skyscraper moves slowly.,A skyscraper is a tall building.,A skycraper is small.,5.56,5.29,3.46,4.36,4.17,4.72,4.50,3.66,4.33,1.73,,1
Nonliterary,1,173,21,The skyscraper is the giraffe of buildings.,The skyscraper is the tallest of buildings.,The skyscraper moves slowly.,The skyscraper is a company headquarters.,The skycraper is the smallest of buildings.,5.90,6.31,3.59,4.37,5.20,4.73,5.41,3.25,4.14,1.45,,1
Nonliterary,1,255,21,Skyscrapers are honeycombs of glass.,Skyscrapers have an intricate geometric structure.,Skyscrapers are sweet.,Skyscrapers are tall buildings.,Skyscrapers lack structure.,5.38,4.55,2.97,3.97,4.00,4.00,4.10,2.77,3.93,1.24,,1
Nonliterary,1,52,21,Skyscrapers are the giraffes of the city.,Skyscrapers are the tallest of buildings.,Skyscrapers are slow movers.,Skyscrapers are usually office buildings.,Skyscrapers are the smallest of buildings.,6.47,6.41,3.60,4.43,5.37,4.77,5.53,4.23,4.53,1.53,,1
Nonliterary,1,14,22,Sleep is a snowstorm.,Sleep is quiet but heavy.,Sleep is deep and calm.,Sleep is a physiological state.,Sleep is loud and light.,4.20,4.42,2.44,2.24,2.83,3.72,3.27,3.10,2.59,1.35,,1
Nonliterary,1,90,22,Sleep is an ocean.,Sleep is deep and calm.,Sleep is quiet but heavy.,Sleep is a physiological state.,Sleep is shallow and rough.,3.83,4.27,2.47,2.90,3.40,3.60,2.83,3.43,2.37,1.93,,1
Nonliterary,1,147,0,Smog is a shroud.,Smog makes it hard to see.,Smog is made of cloth.,Smog is pollution.,Smog makes it easy to see.,4.73,5.23,4.00,4.07,3.97,3.70,4.70,3.93,4.07,1.43,,1
Nonliterary,1,86,0,Smoke is a fire's calling card.,Smoke is always present when there's a fire.,Smoke reveals where a fire is.,Smoke is what rises from a fire.,Smoke is never present when there's a fire.,6.17,5.97,4.13,4.87,4.97,5.20,5.40,4.20,5.13,1.62,,1
Nonliterary,0,249,0,Some invalids are royalty to whom all must bow.,na,na,na,na,4.28,4.20,2.90,3.13,3.38,3.27,2.83,2.62,3.10,1.69,Derogatory,1
Nonliterary,0,33,0,Some invalids are wilted leaves of lettuce.,na,na,na,na,5.13,5.52,3.20,3.60,4.30,3.97,4.93,3.73,4.10,1.90,Derogatory,1
Nonliterary,0,41,0,Stray cats are hobos.,na,na,na,na,5.90,6.00,3.83,4.10,5.07,4.53,5.00,3.70,4.90,2.10,Derogatory,1
Nonliterary,0,229,0,Teenage girls are Barbie dolls.,na,na,na,na,5.41,4.93,2.87,3.13,4.60,4.13,4.28,3.27,3.57,2.14,Derogatory,1
Nonliterary,1,242,0,Television is the aspirin for boredom.,Television relieves boredom.,Television prevents boredom.,Television is entertainment.,Television causes boredom.,5.90,5.77,3.83,4.50,4.38,4.27,4.76,4.07,3.80,1.62,,1
Nonliterary,1,247,0,Terrorists are hawks among the fowl.,Terrorists are people who seek to use violence among people who don't wish to use violence.,Terrorists are people who seek to use violence among people who also wish to use violence.,Terrorists are people who use violenece and intimidation.,Terrorists are people who seek to prevent violence among people who wish to use violence.,5.93,5.93,3.40,4.80,5.07,4.70,5.38,3.41,5.07,1.79,,1
Nonliterary,1,203,0,The army is a plague.,The army is killing people.,The army is making people sick.,The army is a branch of the military.,The army is keeping people alive.,4.37,4.53,3.07,3.80,3.37,4.30,3.87,3.27,3.10,1.90,,1
Nonliterary,1,97,0,The automobile is a mechanical horse.,The automobile replaced the horse for many people.,The automobile is faster than a mechanical horse.,The automobile is a land vehicle.,The automobile is not a mechanical horse.,6.07,6.17,3.37,4.20,4.40,4.70,4.90,4.33,4.90,1.93,,1
Nonliterary,0,163,0,The bible is the cement of the church.,na,na,na,na,6.03,6.33,4.03,4.87,5.20,5.17,4.90,4.37,5.40,2.20,Religious,1
Nonliterary,1,4,0,The bird is nature's airplane.,Birds can fly naturally.,Birds have pilots.,The bird is an animal.,Birds aren't real.,6.84,6.71,3.38,5.40,5.90,5.52,5.96,5.31,5.22,1.92,,1
Nonliterary,1,225,0,The blackmailer is a leech.,The blackmailer preys on people.,The blackmailer drinks blood.,The blackmailer uses information to threaten people.,The blackmailer is a good person.,5.73,6.10,3.40,4.37,4.27,4.67,4.93,4.73,5.10,1.83,,1
Nonliterary,1,218,0,The cigar is the skunk of smokes.,The cigar is the worst smelling of smokes.,The cigar has a white stripe.,The cigar is rolled tobacco.,The cigar is the best smelling of smokes.,5.76,6.30,3.67,4.77,4.87,4.80,5.07,4.17,4.43,1.69,,1
Nonliterary,1,120,0,The creative mind is a kettle on the stove.,The creative mind needs time to warm up.,The creative mind needs tea to function.,The creative mind is a mind that is creating.,The creative mind is ready any time.,4.07,5.33,2.67,3.93,3.57,3.34,3.67,3.14,3.17,1.54,,1
Nonliterary,1,166,0,The degree is a doorway.,The degree creates opportunities.,The degree helps people travel.,The degree is recognition.,The degree prevents people from getting new opportunities.,4.57,3.80,2.53,3.60,3.40,3.30,3.37,4.43,3.73,1.50,,1
Nonliterary,1,233,0,The desert is an oven.,The desert is hot.,The desert is square.,The desert is a barren area of land.,The desert is cold.,6.41,6.47,3.90,4.90,6.10,5.67,5.23,5.37,5.13,2.10,,1
Nonliterary,1,244,0,The eager student is a sponge.,The eager student learns quickly.,The eager student has room to grow.,The eager student is excited to learn.,The eager student is patient.,6.03,6.40,3.70,4.83,5.21,4.33,5.34,4.83,5.03,2.07,,1
Nonliterary,0,158,0,The European common market is a grocery store chain.,na,na,na,na,4.23,4.77,3.70,3.57,2.87,3.47,3.07,2.23,2.97,1.20,Reference?,1
Nonliterary,1,176,0,The fall of an empire is the sunset of civilization.,The fall of an empire is the end of civilization.,The fall of an empire is the middle of civilization.,The fall of an empire is the end of a political period of rule.,The fall of an empire is the beginning of civilization.,5.03,5.10,3.60,4.20,4.20,4.40,4.50,3.27,3.90,1.45,,1
Nonliterary,0,183,0,The family is a rock of security.,na,na,na,na,6.20,6.43,3.83,5.13,5.37,5.17,4.20,5.33,5.33,2.21,Judge-y,1
Nonliterary,0,145,0,The flash of lightning is the crack of God's eye.,na,na,na,na,4.87,5.27,2.70,4.07,4.17,3.63,3.90,3.87,3.33,1.67,Religious,1
Nonliterary,1,181,0,The look of hate is a laser beam.,The look of hate is powerful.,The look of hate is hot.,The look of hate is an expression of negative emotion.,The look of hate is weak.,5.40,5.63,2.60,4.27,5.17,4.13,5.20,3.87,4.77,1.86,,1
Nonliterary,1,50,0,The mind is a sponge.,The mind is capable of learning a lot.,The mind is capable of forgetting a lot.,The mind enables a person to be aware.,The mind has a fixed capacity.,6.33,6.55,3.90,4.93,5.13,4.70,5.43,5.60,5.27,2.17,,1
Nonliterary,0,116,0,The mind of a child is a blotter.,na,na,na,na,4.47,4.97,3.13,3.83,3.57,3.52,4.30,3.45,3.93,1.43,Reference?,1
Nonliterary,1,179,0,The mosquito is a vampire.,The mosquito drinks blood.,The mosquito wears a cape.,The mosquito is an insect.,The mosquito does not drink blood.,6.53,6.33,3.60,4.07,5.10,5.23,5.80,4.33,5.37,2.31,,1
Nonliterary,0,151,0,The mountains of eastern Russia are the headstones of the Gobi desert.,na,na,na,na,5.13,3.77,4.43,4.43,3.47,4.07,3.93,2.27,4.03,1.20,Reference?,1
Nonliterary,1,167,0,The nightly news is a chamber of horrors.,The nightly news is one horrible story after the next.,The nightly news is one engaging story after the next.,The nightly news is a television program.,The nightly news is one happy story after the next.,5.73,5.53,3.23,3.33,4.43,4.20,4.03,4.43,4.27,1.97,,1
Nonliterary,1,232,0,The palm tree is nature's fan.,The palm tree can be used to cool off.,The palm tree moves air around.,The palm tree is an evergreen.,The palm tree can be used to warm up.,6.00,6.00,3.47,4.47,4.73,5.00,5.33,3.30,4.50,1.86,,1
Nonliterary,1,143,0,The past is a bottomless pit.,A person could spend all their time thinking about the past.,A person should spend all of their time thinking about the past.,The past is what has already happened.,The past is always easy to think about and never takes very long.,5.11,5.03,2.70,3.53,4.27,4.27,4.00,4.23,3.17,2.04,,1
Nonliterary,1,223,0,The pursuit of peace is a tortoise.,Progress has been slow in the pursuit of peace.,Progess has been amphibious in the pursuit of peace.,The pursuit of peace is seeking non-violent resolutions to problems.,Progress has been fast in the pursuit of peace.,4.47,5.43,3.03,4.13,3.93,4.50,4.03,2.63,3.73,1.69,,1
Nonliterary,1,18,0,The queen is a nation's aunt.,The queen helps to lead a nation.,The queen helps to fund a nation.,The queen is a monarch.,The queen is unrelated to a nation.,3.88,4.63,3.12,2.60,2.21,2.93,2.58,2.25,2.85,0.88,,1
Nonliterary,1,243,0,The Rocky mountains are the spine of North America.,The Rocky mountains span the height of North America.,The Rocky mountains support North America.,The Rocky mountains are a tall mountain range.,The Rocky mountains are soft.,6.18,6.00,3.23,4.63,4.93,5.23,5.55,4.45,4.60,1.83,,1
Nonliterary,1,216,0,The sea captain is the quarterback of his ship.,The sea captain is in charge of his ship.,The sea captain plays football on his ship.,The sea captain works on a ship.,The sea captain is asleep on his ship.,6.53,6.33,3.93,4.40,5.43,5.43,5.00,4.53,5.03,1.83,,1
Nonliterary,0,231,0,The South African prime mlnister is Ivory steel.,na,na,na,na,3.48,3.37,2.50,3.38,2.86,2.37,3.13,1.70,2.93,1.21,Reference?,1
Nonliterary,1,184,0,The spy satellite is the shepherd of our nation's security.,The spy satellite helps monitor our nation's security.,The spy satellite helps herd our nation's security.,The spy satelite is a satelite that orbits the earth from space.,The spy satellite helps destroy our nation's security.,4.60,4.63,3.47,3.33,3.53,3.10,2.80,1.73,3.23,1.17,,1
Nonliterary,1,44,23,The stars are a map to a ship captain.,The stars help ship captains to navigate.,The stars help ship captains to see.,The stars are in the sky.,The stars help ship captains to lose their way.,6.40,6.10,4.90,4.60,5.60,5.63,5.27,5.97,5.41,1.67,,1
Nonliterary,1,8,23,The stars are signposts. ,The stars guide travelers.,The stars block travelers.,The stars are fireballs.,The stars hide information.,5.40,5.50,3.35,4.12,3.69,4.00,3.58,3.90,3.63,1.81,,1
Nonliterary,1,252,23,The stars are snowflakes that never fall.,The stars are intricate and beautiful features of the night sky.,The stars are large balls of fire that are always in the sky.,The stars are fireballs.,The stars are simple and bland feature of the night sky.,5.52,5.90,2.60,4.27,4.76,5.14,5.21,2.96,4.17,1.81,,1
Nonliterary,1,195,24,The subconscious is an arena.,The subconscious is open and unconstrained.,It is possible to watch the subconscious.,The subconscious is the part of the mind that is inaccessible to people.,The subconscious is tightly constrained.,3.47,3.73,2.80,2.97,3.03,2.73,3.17,2.63,2.93,1.72,,1
Nonliterary,1,185,24,The unconscious is the kitchen of ideas.,Ideas become better through unconscious processes.,Ideas become different through unconscious processes.,The unconscious is the part of the mind that is inaccessible to people.,Ideas become worse through unconscious processes.,4.73,4.90,3.13,4.17,3.40,3.13,4.07,2.37,3.73,1.93,,1
Nonliterary,1,71,0,The success of capitalism is a thorn in the side of socialism.,The success of capitalism is problematic for socialism.,The success of capitalism is irrelevant to socialism.,The success of capitalism is a topic of debate.,The success of capitalism is good for socialism.,5.23,5.17,3.77,4.34,3.97,3.83,3.77,3.47,4.75,1.24,,1
Nonliterary,0,83,0,The waltz is the nightingale of dance.,na,na,na,na,5.23,5.07,3.40,4.33,4.03,4.47,4.30,3.47,4.34,1.55,Broadly interpretable?,1
Nonliterary,1,121,25,The wind is a cat.,The wind is agile and graceful.,The wind is furry and cute.,The wind is air that blows.,The wind is clumsy and lumbering.,2.90,2.80,2.00,2.13,1.53,1.90,2.37,1.66,1.60,1.29,,1
Nonliterary,1,11,25,The wind is a rocking chair.,The wind goes back and forth.,The wind goes up and down.,The wind is air blowing quickly.,The wind stays still.,4.16,4.54,2.69,3.40,3.31,3.66,4.12,2.62,2.59,1.42,,1
Nonliterary,1,210,25,The wind is an arrow.,The wind goes straight and fast.,The wind is painful.,The wind is air that blows.,The wind goes in circles.,4.83,4.97,2.43,3.20,3.53,3.80,3.43,2.53,2.90,1.55,,1
Nonliterary,1,186,0,The winner's cup is the athlete's crown.,The winner's cup is a valued prize.,The winner's cup is a hat.,The winner's cup is an award for winning the competition.,The winner's cup is a toy.,5.53,5.90,4.13,4.30,5.37,4.93,4.67,4.07,5.57,1.83,,1
Nonliterary,1,137,0,Thought is a boiling kettle.,Thought is an active process.,Thought is a process that involves a lot of pressure.,Thought is what happens in the mind.,Thought is a passive process.,4.82,5.76,3.10,4.37,4.10,3.67,4.10,3.63,3.87,1.78,,1
Nonliterary,1,251,26,Thunderclouds are draperies pulled across the sun.,Thunderclouds cover the sun.,Thunderclouds are made of cloth.,Thunderclouds are rainclouds.,Thunderclouds amplify the sun.,5.90,6.20,2.93,4.47,4.83,4.79,5.48,3.64,4.67,1.81,,1
Nonliterary,1,40,26,Thunderclouds are wild horses galloping across the sky.,Thunderclouds look powerful and move quickly.,Thunderclouds cover the sun.,Thunderclouds are rainclouds.,Thunderclouds look weak and move slowly.,5.83,6.00,2.67,5.03,5.33,5.30,5.23,4.10,4.30,2.30,,1
Nonliterary,1,24,27,Time is a magnet.,People like thinking about time.,People sometimes think about time.,Time is a dimension.,People dislike thinking about time.,4.00,4.54,2.38,3.56,2.38,2.66,2.92,2.79,2.85,1.65,,1
Nonliterary,1,198,27,Time is a physician.,Many ailments like sickness and broken bones heal with time.,Many ailments like sickness and broken bones bring joy with time.,Time is a dimension.,Many ailments like sickness and broken bones get worse with time.,3.67,4.27,2.07,2.67,2.13,2.97,2.37,3.07,2.93,1.48,,1
Nonliterary,1,29,27,Time is a wave.,There are cycles of time.,Time is invisible.,Time is a dimension.,Time is static.,5.52,5.17,2.46,3.92,4.24,3.79,3.96,3.97,3.81,2.04,,1
Nonliterary,1,219,27,Time is the skin of an onion.,Time is layered.,Time is visible.,Time is a dimension.,Time is simple.,3.41,3.37,2.40,3.27,1.83,2.53,3.43,2.27,2.30,1.17,,1
Nonliterary,1,55,28,Tree trunks are pillars for a roof of leaves and branches.,Tree trunks provide support for leaves and branches.,Tree trunks provide nutrients for leaves and branches.,Tree trunks are leftover when trees are cut down.,Tree trunks are weak.,5.53,6.07,3.73,3.86,4.90,4.53,4.87,3.73,4.27,1.53,,1
Nonliterary,1,222,28,Tree trunks are straws for thirsty leaves and branches.,Tree trunks provide nutrients for leaves and branches.,Tree trunks provide support for leaves and branches.,Tree trunks are leftover when trees are cut down.,Tree trunks are empty.,6.07,6.20,3.40,4.53,4.97,5.13,5.50,4.27,5.17,1.79,,1
Nonliterary,1,188,29,Truth is a firefly.,Truth is illuminating.,Truth is powerful.,Truth is a virtue.,Truth is confusing.,4.00,3.90,2.83,3.07,3.23,2.63,3.40,2.47,3.40,1.66,,1
Nonliterary,1,237,29,Truth is a labyrinth.,Truth can be hard to find.,Truth can be disorienting.,Truth is a virtue.,Truth is simple.,4.21,4.20,3.10,3.93,3.40,3.10,3.63,2.97,3.10,1.45,,1
Nonliterary,1,162,0,Typhoons are nature's exterior decorators.,Typhoons can change the physical landscape of an area.,Typhoons can alter the social dynamics of an area.,Typhoons are a serious weather event.,Typhoons hardly impact the physical landscape of an area.,5.03,5.30,3.73,3.43,4.40,3.93,3.73,2.73,3.00,1.63,,1
Nonliterary,0,228,0,Undertakers are mannered vultures.,na,na,na,na,4.79,4.47,2.87,3.10,3.83,3.60,3.80,2.67,3.30,1.76,Derogatory,1
Nonliterary,1,240,0,Weeds are the measles of a garden.,Weeds spread rapidly in a garden.,Weeds stick out and make the garden look interesting.,Weeds are unwanted plants.,Weeds go away easily.,5.89,5.93,3.17,4.77,4.59,4.77,5.14,3.48,4.77,1.71,,1
Nonliterary,1,91,0,Whiskey is penicillin for the soul.,Whiskey relieves existential pain.,Whiskey kills bacteria.,Whiskey is alcohol.,Whiskey is bad for the soul.,4.17,4.33,2.90,3.03,2.57,3.10,3.00,2.50,2.24,1.17,,1
Nonliterary,0,189,0,Wisdom is a foreigner.,na,na,Wisdom is acquired over time.,na,3.63,3.23,2.40,2.97,2.77,2.33,3.13,1.90,2.37,1.52,Dated,1
Nonliterary,1,197,0,Wisdom is a weatherman.,Wisdom is trying over and over again to do something hard.,Wisdom is trying to predict the weather.,Wisdom is acquired over time.,Wisdom is doing nothing.,3.13,3.30,2.43,2.13,1.67,2.83,2.10,1.80,2.03,1.17,,1
Nonliterary,1,170,0,Work is the opium of successful people.,Successful people are addicted to work.,Successful people are habitual workers.,Work is an activity that involves effort.,Successful people never work.,5.17,5.40,4.57,4.57,4.30,4.40,4.20,4.60,4.37,2.03,,1
Nonliterary,1,172,0,Wounds are fjords.,Wounds are extremely deep.,Wounds are beautiful.,Wounds are injuries.,Wounds are superficial.,4.60,4.70,2.93,3.48,3.77,3.57,3.77,2.23,3.21,1.21,,1
Literary,1,54,1,Time is a moving escalator.,Time never stops.,Time is jagged.,Time is continued progress of existence.,Time is extremely valuable.,5.63,5.83,4.13,5.87,4.13,4.43,5.23,5.1,4.07,2.17,,1
Literary,1,65,1,Time is a priceless coin.,Time is extremely valuable.,Time is a circle.,Time is continued progress of existence.,Time is worthless.,5.37,5.9,3.83,4.33,4.97,3.8,3.77,5.43,3.4,2.1,,1
Literary,1,137,1,Time is a transforming chisel.,Things change over time.,Time is strong.,Time is continued progress of existence.,Nothing changes over time.,5.23,5.5,3.53,4,4.43,3.37,4,4.83,3.77,2.07,,1
Literary,1,146,2,Man is a box of nerves.,People can be anxious.,People can be perceptive.,Man is conscious.,People can be calm.,5.43,5.1,4.93,3,4.2,3.9,3.73,4.7,3.47,2.03,,1
Literary,0,3,2,Man is a leaf in the gardens of God.,na,na,Man is conscious.,na,5.6,5.8,3.57,5.4,4.83,4.27,4.73,4.7,3.77,2.07,,1
Literary,1,17,2,Man is a worm that lives on the carcass of the earth.,A person's life is small and irrelevant.,People can wriggle around on the ground.,Man is conscious.,A person's life is important and impactful.,5.77,5.53,3.5,3.8,4.37,4,4.03,4.7,3.17,1.9,,1
Literary,0,24,2,Man is the temple of God.,na,na,Man is conscious.,na,5.6,5.3,3.83,3.7,3.67,3.83,4.23,5,3.03,1.6,,1
Literary,1,116,2,Man is the wandering outlaw of his own dark mind.,People can't help themselves from wanting to do bad things sometimes.,People do bad things sometimes.,Man is conscious.,People can't help themselves from wanting to do good things sometimes.,5.17,4.87,3.2,4.5,4,3.8,3.7,4.67,3.93,1.53,,1
Literary,1,165,2,Mankind is a prisoner of wishes.,People don't have control over what they want.,People never want to do anything.,Mankind is conscious.,People have control over what they want.,5.8,5.1,4.43,4.47,4.1,3.57,4,5.13,3.9,1.9,,1
Literary,1,92,3,Stars are dancers.,The way that stars move around is entertaining.,The way that stars move around is fast.,Stars are in the sky.,The way that stars move around is invisible.,5.2,5.3,2.97,3.47,5.53,5.07,4.87,4.8,3.63,2.17,,1
Literary,1,19,3,The stars are beads strung on one string.,The stars are connected.,The stars are circles.,The stars are in the sky.,The stars are disconnected.,5.47,4.57,3.1,3.47,4.33,4.33,3.93,3.87,2.23,1.5,,1
Literary,1,102,3,The stars are fireflies.,The stars are bright.,The stars are circles.,The stars are in the sky.,The stars are connected.,5.73,6.13,3.87,4,5.8,5.53,5.97,5.63,4.33,1.77,,1
Literary,1,36,4,The wind is a hammer driving heads of rain before it.,The wind moves rain forcefully.,The wind moves rain into wood.,Wind is the natural movement of air.,The wind moves rain gently.,5.03,5.27,3.2,4.57,4.93,4.27,4.47,4.27,3.4,1.66,,1
Literary,1,10,4,The wind is a wrestler.,The wind is strong and agile.,The wind is competing.,The wind is the natural movement of air.,The wind is soft and clumsy.,5.5,5.37,3.57,4.4,5,4.43,4.63,4.47,3.43,2.07,,1
Literary,0,20,5,The soul is a rope that binds heaven and earth.,na,na,The soul is the spiritual or immaterial part of a human being.,na,5.87,5.83,3.5,4.7,3.77,3.47,4.23,5.23,3.77,1.67,,1
Literary,0,121,5,The soul is a voiceless thought.,na,na,The soul is the spiritual or immaterial part of a human being.,na,5.67,5.3,4.43,4.5,4.53,3.2,3.67,5.13,5.23,1.63,,1
Literary,1,21,6,A body is a prison for the soul.,A body is confining.,A body is in jail.,A body is the physical structure of a person.,A body can do anything.,6.13,6.03,4.03,4.6,3.9,4.17,4.4,5.67,4,1.8,,1
Literary,1,195,6,The body is a fading mansion taken on a short lease.,The body is getting older and closely observed.,The body is losing color and close by.,The body is the physical structure of a person.,The body is getting younger and ignored.,5.3,5.2,3.4,4.17,3.9,3.9,3.87,4.8,3.57,1.7,,1
Literary,1,153,7,Snow is a down-pelt for winter.,Snow is soft and heavy.,Snow is often on jackets.,Snow is frozen water that falls from the sky.,Snow is rough.,5.5,5.47,4.07,3.93,4.87,5.23,4.43,5.2,4.83,1.73,,1
Literary,1,2,7,Snow is winter's robes.,Snow can be a covering.,Snow can be warm.,Snow is frozen water that falls from the sky.,Snow can be see-through.,6.13,6.6,3.9,4.97,5.73,4.83,5.1,5.7,4.47,1.93,,1
Literary,1,23,8,Clouds are puffballs,Clouds look soft.,Clouds look delicious.,Clouds are a visible mass of condensed water floating in the atmosphere.,Clouds look rough.,6.6,6.67,4.5,4.07,6.37,5.97,6.2,6.1,5.13,1.7,,1
Literary,1,32,8,Clouds are tossed pillows.,Clouds look scattered around.,Clouds look intricate.,Clouds are a visible mass of condensed water floating in the atmosphere.,Clouds look orderly.,6.37,5.97,3.17,4.73,5.97,5.77,5.77,4.93,4.3,1.93,,1
Literary,1,6,8,Clouds are worlds of wool.,Clouds are intricate.,Clouds look soft.,Clouds are a visible mass of condensed water floating in the atmosphere.,Clouds are simple.,5.77,6.03,3.38,4.53,5.6,4.97,5.13,4.9,3.7,1.83,,1
Literary,1,22,9,Love is an antidote for the world's ills.,The world's problems can be solved with love.,The world's problems can be understood with love.,Love is an emotion.,The world's problems can be made worse with love.,6.57,6.5,4.87,4.53,3.93,3.93,4,5.9,3.97,1.6,,1
Literary,1,194,9,Love is the star guiding every wandering ship.,Love can be informative.,Love can be found in a ship.,Love is an emotion.,Love is to be ignored.,5.97,6.07,3.6,5.4,5.47,4.93,5.33,5.93,4.43,1.7,,1
Literary,1,89,0,An autumn storm is the funeral song of the dying year.,An autumn storm is a final indicator of an ending year.,An autumn storm is a loud indicator of an ending year.,An autumn storm is an intense weather event that happens in fall.,An autumn storm is the first indicator of an ending year.,5.07,5.77,3.8,4.83,4.87,4.37,4.37,5.33,4.37,1.77,,1
Literary,1,86,0,Nerves after a quarrel are frozen leaves in winter.,Nerves after a quarrel are brittle.,Nerves after a quarrel are scarce.,Nerves are fibres in the body that transmit impulses of sensation.,Nerves after a quarrel are pliable.,5.27,4.73,3.3,5.2,5.2,4.1,5.37,4.8,4.53,1.77,,1
Literary,1,16,0,A bed is a temple of love.,A bed is sacred.,A bed is religious furniture.,A bed is furniture.,A bed is a mundane piece of furniture.,6.1,6.1,3.5,4.07,5,5.1,4.2,5.5,3.27,2.07,,1
Literary,1,118,0,"A broken heart is a shattered mirror, reflecting life in pieces.",A broken heart is disruptive and disorienting.,A broken heart can be violent.,A broken heart is failed organ.,A broken heart is easy to handle.,5.43,5.93,3.77,6,6.07,4.8,5.4,5.6,5.4,2.07,,1
Literary,1,114,0,A dead loved-one is ink-blotted from life's page.,A dead loved-one is a fundamental change.,A dead loved-one is a superficial change.,A dead loved-one is no longer alive.,A dead loved-one is an easy change.,5.3,5.37,3.3,3.9,4.4,4.07,4.3,4.33,3.1,1.43,,1
Literary,1,147,0,A photograph is a one-sided skin of truth.,The amount of information you can show on a photograph is limited.,Photographs never mislead.,A photograph is a two-dimensional representation of the physical world from a specific moment in space and time.,The amount of information you can show on a photograph is unlimited.,5.33,5.53,3.9,3.97,4.63,4.5,3.57,4.43,4.6,1.83,,1
Literary,1,120,0,An avalanche is a thunderbolt of snow.,An avalanche is powerful.,An avalanche is loud.,An avalanche is a mass of snow and ice falling down a mountainside.,An avalanche is weak.,6.17,6.2,4.63,4.3,6.23,5.93,5.43,5.43,5.43,1.8,,1
Literary,1,124,0,Ancient wisdom is a fountain which makes you thirstier the more you drink.,Ancient wisdom is really interesting.,Ancient wisdom is unfulfilling.,Ancient wisdom is knowledge and experience that has been available for a long time.,Ancient wisdom is boring.,5.67,5.93,4.07,5.27,4.33,4.3,4.4,5.8,4.6,1.7,,1
Literary,1,197,0,Books are the full-ripened grain of a poet's mind.,Books are the final result of a long process.,Books are made of plants.,Books are written works with pages bound in covers.,Books are easy to write.,5.47,5.17,3.43,4.77,4.4,3.9,4.13,4.9,3.87,1.97,,1
Literary,1,119,0,Despair is a living tree feeding on death.,Despair is sustained by death.,Despair tastes bad.,Despair is the absence of hope.,Despair is sustained by positivity.,5.03,4.47,3.13,4.53,3.77,3.3,4.03,4.67,3.8,1.57,,1
Literary,1,52,0,Earth is a buzzing beehive grove.,Earth is an active place.,Earth is a quiet place.,Earth is a planet.,Earth is an inactive place.,5.03,4.93,3.77,4.17,5.13,4.23,4.73,4.5,3.6,2.07,,1
Literary,1,131,0,Faithful love is a tree standing through the stormiest hour.,Faithful love is strong and supportive.,Faithful love is tall and protects from rain.,Faithful love is long-lasting love.,Faithful love is exhausting.,6.23,6.3,3.93,5.73,6.1,4.9,5.93,6.3,5.07,1.93,,1
Literary,0,5,0,God is a sheltering bird.,na,na,na,na,5.2,5.17,3.47,3.93,3.77,3.93,4.2,3.43,3.53,1.97,,1
Literary,1,112,0,Hope is a castle built on reeds.,Hope is precarious.,Hope is beautiful.,Hope is an emotion.,Hope is guaranteed.,5.03,4.87,3.17,4.1,4.13,3.6,4.13,4.27,3.47,1.73,,1
Literary,1,201,0,Melancholy is a weeping cloud.,Melancholy is profound grief.,Melancholy is soft.,Melancholy is feeling very sad.,Melancholy is wet.,5.03,4.77,2.97,4.1,4.73,3.93,4.6,4.37,3.5,1.53,,1
Literary,1,110,0,Memories are the roots that clutch.,Memories are stabilizing.,Memories are long.,Memories are how the mind stores and remembers information.,Memories are nerve-wracking.,5.33,5.52,3.53,5,4.6,3.93,4.73,5.17,3.9,1.87,,1
Literary,1,28,0,Moonlight is bleach.,Moonlight makes everything look white.,Moonlight removes bacteria.,Moonlight is the reflection of energy from the sun off the moon.,Moonlight makes everything look dark.,5.67,5,3.17,3.57,4.3,4.03,3.87,3.8,3.6,1.53,,1
Literary,1,8,0,Peace is a wild wood-dove.,Peace is elusive.,Peace is beautiful.,Peace is the absense of violence.,Peace is everywhere.,5.28,4.77,3.17,3.67,5.03,3.43,4.6,4.13,3.43,1.6,,1
Literary,1,141,0,Peas in their pods are summer children in their mothers.,Peas grow together inside a pod that nurtures them.,Peas grow together inside a pod that touches them.,Peas in their pods are vegetables.,Peas grow together inside a pod that harms them.,5.1,5.07,3.3,4.37,4.83,4.43,4.27,4.07,3.73,1.57,,1
Literary,1,12,0,Rain is a collection of sheeny tears.,Rain is shiny and wet and sad.,Rain is shiny and wet and small.,Rain is water that falls from the sky.,Rain is shiny and wet and happy.,5.03,5.87,3.87,4.3,5.03,5.4,5.13,4.83,4.47,1.57,,1
Literary,1,42,0,Silence is a black cavern.,Silence is mysterious.,It is quiet underground.,Silence is the absense of sound.,Silence is familiar.,5.93,5.8,3.57,4.77,5.47,4.47,4.77,4.97,4.87,2.1,,1
Literary,0,164,0,Study of God is a keyless door.,na,na,na,na,5.07,5.23,4.17,4.13,4.77,4,4.53,4.43,4.43,2.17,,1
Literary,1,27,0,Sunlight is golden dust.,Sunlight sparkles.,Sunlight can be bottled.,Sunlight is light from the sun.,Sunlight is dull.,6.03,5.97,3.77,5.03,5.87,5.47,5.27,5.33,4.4,1.8,,1
Literary,1,127,0,Tears are a mother's weakness.,Tears always elicit sympathy from mothers.,Tears are hard for mothers to lift up.,Tears commonly express sadness.,Tears never elicit sympathy from mothers.,5.33,4.93,5.13,3.27,4.47,4.63,3.6,4.77,3.47,1.97,,1
Literary,1,126,0,The brain is the prisoner of thought.,The brain can only think certain thoughts.,The brain can only think about prison.,The brain is an organ in the skull.,The brain can think any thoughts.,5.4,5.23,4.17,4.3,4.53,4.8,3.73,5.03,4.4,1.9,,1
Literary,1,9,0,The mind is a mountainous landscape,The mind thinks lots of different thoughts.,The mind is vast.,The mind is the part of a person that enables them to be aware of the world.,The mind thinks the same thoughts over and over again.,5.83,5.57,3.73,4.7,5.47,4.03,5.13,5.17,3.83,2.23,,1
Literary,0,189,0,The sun is the eye of heaven.,na,na,na,na,6.1,5.8,3.67,5.5,5.6,4.73,4.37,5.6,4,2.07,,1
Literary,1,76,0,"The three ports of life are dreaming, waking and dying.","There are three ways to transition into or out of normal life: dreaming, waking and dying.","There are three ways to enjoy normal life: dreaming, waking and dying.",The three ports of life are three places to enter or exit being alive.,"There are three ways to maintain normal life: dreaming, waking and dying.",5.07,5.2,4,3.77,4.3,3.47,3.9,4.57,3.17,1.93,,1
Literary,1,159,0,The tongue is a bayonet.,The tongue can be used to say mean things that hurt people.,The tongue is long and thin.,The tongue is a muscle.,The tongue is still.,5.8,5.43,3.53,5.07,4.73,4.53,5.17,5.13,3.97,2.47,,1
Literary,1,182,0,The wailing of shells is a choir for dead soldiers.,The sound of shells memorializes soldiers who have died.,The sound of shells overshadows soldiers who have died.,The sound of shells is the sound of artillery exploding.,The sound of shells trivializes soldiers who have died.,5.27,3.7,3.23,4.33,4.37,4.1,4.2,4.1,3.87,1.67,,1
Literary,1,85,0,Tranquility is a woodland river winding through hills in solitude.,Tranquility is beautiful.,Tranquility is lonely.,Tranquility is calmness.,Tranquility is hideous.,6.27,6.13,4.03,5.3,5.77,4.53,5.97,593,4.93,1.93,,1
Literary,1,115,0,Waves are the sailor's steed.,Waves move sailors through water.,Waves need to be fed by sailors.,Waves are the natural movements of water.,Waves stabilize sailors.,5.5,5.17,3.8,4.47,4.3,4.13,4.5,4.6,4.1,1.33,,1